x,y,yaw,curvature,target_speed,lookahead
0.623846,0.064128,1.386789,6.990253,0.447525,0.450000
0.715825,0.127824,0.071305,6.838657,0.452458,0.450000
0.857152,0.080792,-0.322297,0.013888,1.200000,0.960000
0.999152,0.033209,-0.281178,0.562031,1.200000,0.960000
1.144847,-0.002303,-0.228640,0.139205,1.200000,0.960000
1.291289,-0.034774,-0.213974,0.056382,1.200000,0.960000
1.437999,-0.066005,-0.204553,0.069231,1.200000,0.960000
1.585026,-0.095711,-0.196069,0.043892,1.200000,0.960000
1.732248,-0.124449,-0.191826,0.012671,1.200000,0.960000
1.879522,-0.152906,-0.185804,0.067628,1.200000,0.960000
2.027079,-0.179869,-0.166012,0.196264,1.200000,0.960000
2.175363,-0.202476,-0.137777,0.180202,1.200000,0.960000
2.324196,-0.221066,-0.112172,0.161201,1.200000,0.960000
2.473433,-0.236052,-0.090161,0.132291,1.200000,0.960000
2.622941,-0.248074,-0.071967,0.110309,1.200000,0.960000
2.772631,-0.257621,-0.056128,0.100890,1.200000,0.960000
2.922454,-0.264903,-0.043619,0.065891,1.200000,0.960000
3.072342,-0.270703,-0.041737,0.040787,1.200000,0.960000
3.222191,-0.277420,-0.046120,0.017653,1.200000,0.960000
3.372023,-0.284534,-0.040586,0.091436,1.200000,0.960000
3.521929,-0.289592,-0.023471,0.136781,1.200000,0.960000
3.671903,-0.291574,-0.005239,0.106309,1.200000,0.960000
3.821901,-0.291164,0.005274,0.033881,1.200000,0.960000
3.971897,-0.289991,0.005305,0.033465,1.200000,0.960000
4.121896,-0.289572,0.001289,0.020090,1.200000,0.960000
4.271896,-0.289605,0.002671,0.038520,1.200000,0.960000
4.421893,-0.288771,0.008222,0.035497,1.200000,0.960000
4.571883,-0.287138,0.013404,0.033594,1.200000,0.960000
4.721864,-0.284750,0.019851,0.052370,1.200000,0.960000
4.871818,-0.281183,0.030506,0.089693,1.200000,0.960000
5.021710,-0.275600,0.045483,0.110009,1.200000,0.960000
5.171492,-0.267544,0.063590,0.131414,1.200000,0.960000
5.321088,-0.256537,0.083001,0.127396,1.200000,0.960000
5.470440,-0.242674,0.102310,0.130069,1.200000,0.960000
5.619489,-0.225900,0.121533,0.126240,1.200000,0.960000
5.768195,-0.206307,0.139625,0.114999,1.200000,0.960000
5.916545,-0.184152,0.155966,0.102892,1.200000,0.960000
6.064536,-0.159710,0.171551,0.104911,1.200000,0.960000
6.212126,-0.132941,0.187625,0.109405,1.200000,0.960000
6.359258,-0.103754,0.204164,0.111108,1.200000,0.960000
6.505884,-0.072119,0.221877,0.125069,1.200000,0.960000
6.651890,-0.037739,0.244193,0.172474,1.200000,0.960000
6.796955,0.000406,0.275356,0.243034,1.200000,0.960000
6.940524,0.043809,0.317292,0.316145,1.200000,0.960000
7.081859,0.093964,0.371366,0.404941,1.200000,0.960000
7.219861,0.152593,0.440035,0.510930,1.200000,0.960000
7.352922,0.221587,0.522136,0.584309,1.200000,0.960000
7.479391,0.301927,0.611587,0.609210,1.200000,0.960000
7.597989,0.393449,0.704049,0.624713,1.200000,0.960000
7.707506,0.495651,0.800471,0.662198,1.200000,0.960000
7.806349,0.608186,0.904836,0.730827,1.200000,0.960000
7.892280,0.730821,1.019745,0.802797,1.200000,0.960000
7.962881,0.862896,1.140903,0.813840,1.200000,0.960000
8.016918,1.002664,1.258608,0.756230,1.200000,0.960000
8.054812,1.147740,1.366009,0.675839,1.200000,0.960000
8.077836,1.295962,1.464825,0.641448,1.200000,0.960000
8.086507,1.445709,1.555419,0.566213,1.200000,0.960000
8.082444,1.595611,1.638142,0.536703,1.200000,0.960000
8.066343,1.744674,1.722553,0.589058,1.200000,0.960000
8.037164,1.891689,1.823092,0.752294,1.200000,0.960000
7.991660,2.034379,1.951300,0.959075,1.200000,0.960000
7.926268,2.168931,2.104276,1.084003,1.136446,0.909157
7.840082,2.291031,2.266933,1.089738,1.133452,0.906761
7.735271,2.397476,2.425624,1.031779,1.164852,0.931882
7.615307,2.486576,2.576554,0.985676,1.191782,0.953426
7.483417,2.557149,2.724315,0.987494,1.190685,0.952548
7.342330,2.607590,2.870845,0.967239,1.200000,0.960000
7.195268,2.637129,2.998655,0.736928,1.200000,0.960000
7.045880,2.650255,3.085296,0.418026,1.200000,0.960000
6.895993,2.653995,3.141382,0.329934,1.200000,0.960000
6.746100,2.650318,-3.095196,0.291661,1.200000,0.960000
6.596494,2.640089,-3.054540,0.250528,1.200000,0.960000
6.447348,2.624245,-3.022013,0.183222,1.200000,0.960000
6.298680,2.604306,-2.999006,0.123546,1.200000,0.960000
6.150406,2.581616,-2.986360,0.045064,1.200000,0.960000
6.002290,2.557924,-2.981960,0.013611,1.200000,0.960000
5.854222,2.533929,-2.984149,0.042804,1.200000,0.960000
5.706009,2.510887,-2.997096,0.129818,1.200000,0.960000
5.557374,2.490734,-3.015911,0.121058,1.200000,0.960000
5.408392,2.473284,-3.024299,0.009223,1.200000,0.960000
5.259435,2.455627,-3.012896,0.142807,1.200000,0.960000
5.110890,2.434783,-2.990206,0.159730,1.200000,0.960000
4.962893,2.410388,-2.971868,0.084778,1.200000,0.960000
4.815214,2.384112,-2.969447,0.052497,1.200000,0.960000
4.667335,2.359000,-2.987692,0.190810,1.200000,0.960000
4.518820,2.338134,-3.021129,0.255050,1.200000,0.960000
4.369624,2.322962,-3.058522,0.243579,1.200000,0.960000
4.219964,2.313250,-3.092700,0.212194,1.200000,0.960000
4.070065,2.308305,-3.123103,0.193213,1.200000,0.960000
3.920080,2.307705,3.131942,0.182006,1.200000,0.960000
3.770126,2.311199,3.106982,0.150813,1.200000,0.960000
3.620284,2.318085,3.091291,0.058392,1.200000,0.960000
3.470509,2.326283,3.090951,0.053849,1.200000,0.960000
3.320673,2.333271,3.102737,0.103308,1.200000,0.960000
3.170757,2.337936,3.119790,0.124088,1.200000,0.960000
3.020789,2.339810,-3.135714,0.244989,1.200000,0.960000
2.870833,2.336173,-3.090657,0.355902,1.200000,0.960000
2.721352,2.324545,-3.038102,0.344999,1.200000,0.960000
2.572713,2.305210,-2.984360,0.371739,1.200000,0.960000
2.425316,2.277611,-2.934399,0.294629,1.200000,0.960000
2.279253,2.243521,-2.895414,0.225221,1.200000,0.960000
2.134421,2.204516,-2.858339,0.269108,1.200000,0.960000
1.991274,2.159696,-2.809286,0.384877,1.200000,0.960000
1.850955,2.106692,-2.754014,0.352052,1.200000,0.960000
1.713647,2.046361,-2.719578,0.107062,1.200000,0.960000
1.577307,1.983826,-2.722505,0.146102,1.200000,0.960000
1.439652,1.924302,-2.756337,0.305120,1.200000,0.960000
1.299466,1.871156,-2.805533,0.350939,1.200000,0.960000
1.156653,1.825448,-2.853873,0.293742,1.200000,0.960000
1.011936,1.786066,-2.892488,0.221204,1.200000,0.960000
0.865982,1.751505,-2.924083,0.200083,1.200000,0.960000
0.719048,1.721337,-2.955319,0.216398,1.200000,0.960000
0.571212,1.695953,-2.985593,0.187241,1.200000,0.960000
0.422727,1.674732,-3.013718,0.187773,1.200000,0.960000
0.273712,1.657702,-3.041229,0.179052,1.200000,0.960000
0.124296,1.644679,-3.064606,0.132663,1.200000,0.960000
-0.025361,1.634632,-3.079638,0.067777,1.200000,0.960000
-0.175119,1.626105,-3.083539,0.015766,1.200000,0.960000
-0.324854,1.617225,-3.062323,0.267096,1.200000,0.960000
-0.474115,1.602354,-2.995010,0.630461,1.200000,0.960000
-0.621234,1.573467,-2.868757,1.053491,1.152786,0.922228
-0.761788,1.521859,-2.693928,1.278413,1.046474,0.837179
-0.889830,1.444494,-2.509563,1.181478,1.088557,0.870846
-1.002276,1.345768,-2.346726,0.992385,1.187747,0.950197
-1.098897,1.231429,-2.204029,0.913004,1.200000,0.960000
-1.179016,1.105003,-2.064465,0.950996,1.200000,0.960000
-1.240332,0.968593,-1.917651,1.010470,1.177070,0.941656
-1.280373,0.824598,-1.765863,1.017916,1.172757,0.938206
-1.298109,0.676171,-1.617556,0.963936,1.200000,0.960000
-1.294317,0.526617,-1.477427,0.907960,1.200000,0.960000
-1.270267,0.378846,-1.342268,0.896086,1.200000,0.960000
-1.226604,0.235495,-1.202509,0.967543,1.200000,0.960000
-1.162598,0.099836,-1.048783,1.082134,1.137427,0.909942
-1.077584,-0.023563,-0.900135,0.900805,1.200000,0.960000
-0.976959,-0.134164,-0.771486,0.816938,1.200000,0.960000
-0.863618,-0.231657,-0.649330,0.814953,1.200000,0.960000
-0.739082,-0.314748,-0.519892,0.912372,1.200000,0.960000
-0.604115,-0.380201,-0.362077,1.191517,1.083962,0.867169
-0.459683,-0.420577,-0.194808,1.038108,1.161295,0.929036
-0.310995,-0.438037,-0.051774,0.869457,1.200000,0.960000
-0.161336,-0.436038,0.065615,0.697712,1.200000,0.960000
-0.012638,-0.418432,0.161815,0.586613,1.200000,0.960000
0.134037,-0.387821,0.243164,0.498892,1.200000,0.960000
0.278135,-0.346299,0.321938,0.551713,1.200000,0.960000
0.418344,-0.292993,0.410834,0.634020,1.090502,0.872402
0.552706,-0.226690,0.572330,1.532613,0.842459,0.673967
0.667364,-0.132558,1.330887,5.956916,0.484790,0.450000
